<?xml version="1.0" encoding="UTF-8"?>
<beans xmlns="http://www.springframework.org/schema/beans"
	xmlns:xsi="http://www.w3.org/2001/XMLSchema-instance"
	xmlns:context="http://www.springframework.org/schema/context"
	xmlns:tx="http://www.springframework.org/schema/tx"
	xsi:schemaLocation="http://www.springframework.org/schema/beans http://www.springframework.org/schema/beans/spring-beans.xsd
		http://www.springframework.org/schema/context http://www.springframework.org/schema/context/spring-context-4.0.xsd
		http://www.springframework.org/schema/tx http://www.springframework.org/schema/tx/spring-tx-4.0.xsd">


	<context:component-scan base-package="com.gizmos.daos, com.gizmos.services"/>
	
	
	
		<bean id="sessionFactory" class="org.springframework.orm.hibernate4.LocalSessionFactoryBean">
		<property name="dataSource" ref ="ds"/>
		
		<property name="hibernateProperties">
			<value>
				hibernate.dialect=org.hibernate.dialect.Oracle10gDialect
				hibernate.show_sql=true
			</value>
		</property>
		
		
        
<!-- 		<property name="mappingResources">
			<list>
		        <value>com\gizmos\entities\Product.hbm.xml</value>
		   	</list>
		</property>		 -->
				<property name="annotatedClasses">
			<list>
				<value>com.gizmos.entities.Product</value>
				<value>com.gizmos.entities.Category</value>
				<value>com.gizmos.entities.User</value>
				<value>com.gizmos.entities.Specifications</value>
				<!-- <value>com.lnt.hr.entities.Dept</value> -->
			</list>
		</property>
	</bean>
	
	
	<bean id="ds" class="org.springframework.jdbc.datasource.DriverManagerDataSource">
	<property name="driverClassName" value="oracle.jdbc.OracleDriver"/>
	<property name="url" value="jdbc:oracle:thin:@localhost:1521:XE"/>
	<property name="username" value="gizmos"/>
	<property name="password" value="gizmos"/>
	</bean>
	
	<bean id="txManager" class="org.springframework.orm.hibernate4.HibernateTransactionManager">
		<property name="sessionFactory" ref="sessionFactory" />
	</bean>
	 
	<tx:annotation-driven transaction-manager="txManager" />
	
</beans>
